year_id,fran_id,avg_pts,avg_opp_pts,avg_elo_n,avg_opp_elo_n,avg_pts_differential,avg_elo_differential,total_wins
1995,Bucks,99.34146341,103.7073171,1368.604789,1497.311587,-4.365853659,-128.7067976,34
1995,Bulls,101.5243902,96.69512195,1569.892129,1488.199352,4.829268293,81.69277683,47
1995,Cavaliers,90.45121951,89.82926829,1542.433391,1498.848261,0.62195122,43.58513049,43
1995,Celtics,102.7804878,104.6585366,1431.307532,1495.936224,-1.87804878,-64.62869268,35
1995,Clippers,96.67073171,105.8292683,1309.053701,1517.26026,-9.158536585,-208.2065585,17
1995,Hawks,96.59756098,95.31707317,1524.618226,1484.93565,1.280487805,39.68257561,42
1995,Heat,101.1341463,102.7682927,1460.71093,1491.029299,-1.634146341,-30.31836829,32
1995,Jazz,106.4146341,98.42682927,1649.669379,1492.907237,7.987804878,156.7621427,60
1995,Kings,98.24390244,99.24390244,1469.396067,1507.702589,-1,-38.30652195,39
1995,Knicks,98.2195122,95.1097561,1608.598629,1488.415262,3.109756098,120.1833671,55
1995,Lakers,105.0731707,105.2926829,1508.251032,1511.683605,-0.219512195,-3.432573171,48
1995,Magic,110.8658537,103.804878,1644.32308,1485.291577,7.06097561,159.0315037,57
1995,Mavericks,103.195122,106.097561,1400.622473,1515.274928,-2.902439024,-114.6524549,36
1995,Nets,98.07317073,101.2073171,1455.170504,1490.872743,-3.134146341,-35.70223902,30
1995,Nuggets,101.3292683,100.4878049,1530.799963,1500.080813,0.841463415,30.71915,41
1995,Pacers,99.2195122,95.52439024,1606.670629,1489.911127,3.695121951,116.7595024,52
1995,Pelicans,100.597561,97.31707317,1551.323577,1488.693543,3.280487805,62.63003415,50
1995,Pistons,98.20731707,105.5,1336.5612,1502.853102,-7.292682927,-166.2919024,28
1995,Rockets,103.5487805,101.4268293,1600.492955,1503.680643,2.12195122,96.8123122,47
1995,Sixers,95.36585366,100.4390244,1349.774585,1493.243479,-5.073170732,-143.4688939,24
1995,Spurs,106.6097561,100.6463415,1630.002005,1498.028012,5.963414634,131.9739927,62
1995,Suns,110.6463415,106.7682927,1618.331283,1499.696989,3.87804878,118.6342939,59
1995,Thunder,110.4268293,102.2439024,1671.515004,1494.73345,8.182926829,176.7815537,57
1995,Timberwolves,94.2195122,103.2195122,1292.368702,1518.538902,-9,-226.1702,21
1995,Trailblazers,103.0609756,99.24390244,1566.376507,1501.017757,3.817073171,65.35875,44
1995,Warriors,105.695122,111.1097561,1435.979033,1511.138443,-5.414634146,-75.15940976,26
1995,Wizards,100.5121951,106.1097561,1332.692843,1498.255316,-5.597560976,-165.5624732,21
1996,Bucks,95.57317073,100.8780488,1378.25956,1495.488811,-5.304878049,-117.2292512,25
1996,Bulls,105.1829268,92.93902439,1728.695739,1474.171178,12.24390244,254.524561,72
1996,Cavaliers,91.13414634,88.54878049,1515.596585,1479.268438,2.585365854,36.32814756,47
1996,Celtics,103.597561,107,1416.791091,1487.220822,-3.402439024,-70.42973049,33
1996,Clippers,99.42682927,103.0243902,1381.739795,1488.579715,-3.597560976,-106.8399195,29
1996,Grizzlies,89.7804878,99.75609756,1234.12142,1502.088256,-9.975609756,-267.9668366,15
1996,Hawks,98.2804878,97.06097561,1523.213762,1489.529301,1.219512195,33.68446098,46
1996,Heat,96.45121951,95.02439024,1478.785559,1483.534767,1.426829268,-4.749208537,42
1996,Jazz,102.4878049,95.90243902,1639.186684,1475.992338,6.585365854,163.1943463,55
1996,Kings,99.54878049,102.2560976,1455.734567,1485.288106,-2.707317073,-29.55353902,39
1996,Knicks,97.20731707,94.8902439,1567.475978,1479.244498,2.317073171,88.23148049,47
1996,Lakers,102.902439,98.45121951,1570.220676,1484.275063,4.451219512,85.9456122,53
1996,Magic,104.5243902,98.96341463,1614.657979,1478.905324,5.56097561,135.7526549,60
1996,Mavericks,102.5487805,107.4512195,1392.827591,1492.927349,-4.902439024,-100.0997573,26
1996,Nets,93.70731707,97.93902439,1395.812132,1486.987061,-4.231707317,-91.17492927,30
1996,Nuggets,97.7195122,100.4268293,1469.251376,1486.772545,-2.707317073,-17.52116951,35
1996,Pacers,99.31707317,96.07317073,1590.456834,1481.977767,3.243902439,108.4790671,52
1996,Pelicans,102.8170732,103.3902439,1497.589174,1485.373983,-0.573170732,12.21519146,41
1996,Pistons,95.3902439,92.8902439,1473.736517,1485.59854,2.5,-11.86202317,46
1996,Raptors,97.48780488,105,1299.418228,1490.927159,-7.512195122,-191.5089305,21
1996,Rockets,102.4878049,100.7439024,1605.585621,1483.940162,1.743902439,121.6454585,48
1996,Sixers,94.46341463,104.4634146,1282.58064,1498.329777,-10,-215.7491366,18
1996,Spurs,103.3780488,97.07317073,1643.903355,1482.546524,6.304878049,161.3568305,59
1996,Suns,104.2926829,103.9634146,1531.781861,1491.651428,0.329268293,40.13043293,41
1996,Thunder,104.5365854,96.74390244,1667.124627,1476.444184,7.792682927,190.6804427,64
1996,Timberwolves,97.85365854,103.2073171,1352.322213,1495.600717,-5.353658537,-143.2785037,26
1996,Trailblazers,99.32926829,96.97560976,1509.866274,1482.107878,2.353658537,27.75839634,44
1996,Warriors,101.6341463,103.0853659,1435.021007,1491.311857,-1.451219512,-56.29085,36
1996,Wizards,102.5365854,101.4756098,1453.50843,1489.181728,1.06097561,-35.67329756,39
1997,Bucks,95.34146341,97.23170732,1428.686406,1502.520863,-1.890243902,-73.83445732,33
1997,Bulls,103.1463415,92.34146341,1788.967095,1479.699006,10.80487805,309.268089,69
1997,Cavaliers,87.47560976,85.63414634,1539.843777,1500.192437,1.841463415,39.65134024,42
1997,Celtics,100.5853659,107.9146341,1339.361039,1510.646389,-7.329268293,-171.28535,15
1997,Clippers,97.18292683,99.53658537,1422.793878,1485.933256,-2.353658537,-63.13937805,36
1997,Grizzlies,89.18292683,99.41463415,1236.710239,1498.240312,-10.23170732,-261.5300732,14
1997,Hawks,94.80487805,89.36585366,1608.310801,1487.440716,5.43902439,120.8700854,56
1997,Heat,94.82926829,89.34146341,1622.059832,1487.909668,5.487804878,134.1501634,61
1997,Jazz,103.097561,94.30487805,1673.285011,1469.093416,8.792682927,204.1915951,64
1997,Kings,96.43902439,99.81707317,1413.999689,1482.40057,-3.37804878,-68.40088049,34
1997,Knicks,95.35365854,92.23170732,1586.478179,1490.918416,3.12195122,95.55976341,57
1997,Lakers,100,95.73170732,1604.67262,1480.854737,4.268292683,123.8178829,56
1997,Magic,94.13414634,94.48780488,1537.732413,1491.191029,-0.353658537,46.54138415,45
1997,Mavericks,90.62195122,96.97560976,1345.329567,1489.287722,-6.353658537,-143.9581549,24
1997,Nets,97.24390244,101.804878,1358.424962,1509.525957,-4.56097561,-151.1009951,26
1997,Nuggets,97.80487805,104.0853659,1361.840887,1491.011073,-6.280487805,-129.1701866,21
1997,Pacers,95.35365854,94.37804878,1538.100183,1505.845799,0.975609756,32.25438415,39
1997,Pelicans,98.87804878,97.01219512,1544.993896,1489.724907,1.865853659,55.26898902,54
1997,Pistons,94.18292683,88.93902439,1605.018587,1493.60199,5.243902439,111.4165963,54
1997,Raptors,95.47560976,98.59756098,1370.156026,1502.623549,-3.12195122,-132.4675232,30
1997,Rockets,100.5853659,96.1097561,1579.299517,1475.537667,4.475609756,103.76185,57
1997,Sixers,100.1829268,106.7195122,1326.05699,1504.768901,-6.536585366,-178.711911,22
1997,Spurs,90.46341463,98.34146341,1377.812094,1496.436816,-7.87804878,-118.624722,20
1997,Suns,102.8170732,102.1585366,1475.017452,1480.911704,0.658536585,-5.89425122,40
1997,Thunder,100.902439,93.2195122,1660.053355,1474.770085,7.682926829,185.2832695,57
1997,Timberwolves,96.12195122,97.59756098,1430.927771,1491.644162,-1.475609756,-60.71639146,40
1997,Trailblazers,98.95121951,94.7804878,1546.863979,1479.629622,4.170731707,67.23435732,49
1997,Warriors,99.64634146,104.3536585,1408.468828,1491.582207,-4.707317073,-83.11337927,30
1997,Wizards,99.35365854,97.73170732,1505.422176,1492.744272,1.62195122,12.67790366,44
1998,Bucks,94.48780488,96.40243902,1457.075479,1505.373107,-1.914634146,-48.29762805,36
1998,Bulls,96.7195122,89.6097561,1701.73563,1487.644496,7.109756098,214.0911341,62
1998,Cavaliers,92.5,89.76829268,1555.635467,1500.664844,2.731707317,54.97062317,47
1998,Celtics,95.90243902,98.52439024,1399.552437,1511.565044,-2.62195122,-112.0126073,36
1998,Clippers,95.91463415,103.2804878,1328.368334,1488.638888,-7.365853659,-160.2705537,17
1998,Grizzlies,96.62195122,103.9268293,1281.099133,1493.823055,-7.304878049,-212.723922,19
1998,Hawks,95.85365854,92.34146341,1589.417652,1500.320946,3.512195122,89.0967061,50
1998,Heat,94.96341463,90.03658537,1631.821573,1492.317832,4.926829268,139.5037415,55
1998,Jazz,100.9634146,94.42682927,1673.316002,1475.714854,6.536585366,197.6011488,62
1998,Kings,93.13414634,98.7195122,1416.677638,1493.323863,-5.585365854,-76.64622561,27
1998,Knicks,91.57317073,89.1097561,1581.795162,1498.718144,2.463414634,83.07701829,43
1998,Lakers,105.5121951,97.76829268,1647.164985,1480.424227,7.743902439,166.7407585,61
1998,Magic,90.08536585,91.15853659,1479.824673,1506.071049,-1.073170732,-26.24637561,41
1998,Mavericks,91.3902439,97.5,1314.571302,1495.19463,-6.109756098,-180.623328,20
1998,Nets,99.63414634,98.06097561,1503.106855,1502.038724,1.573170732,1.068130488,43
1998,Nuggets,89.02439024,100.804878,1225.104035,1494.310972,-11.7804878,-269.2069366,11
1998,Pacers,96.02439024,89.93902439,1618.452072,1496.687974,6.085365854,121.7640976,58
1998,Pelicans,96.62195122,94.62195122,1565.714267,1503.603457,2,62.11080976,51
1998,Pistons,94.15853659,92.58536585,1525.575348,1505.461465,1.573170732,20.11388293,37
1998,Raptors,94.8902439,104.1585366,1327.962966,1512.130949,-9.268292683,-184.1679829,16
1998,Rockets,98.76829268,99.52439024,1536.488972,1486.076433,-0.756097561,50.41253902,41
1998,Sixers,93.30487805,95.69512195,1392.47304,1507.38914,-2.390243902,-114.9161,31
1998,Spurs,92.52439024,88.53658537,1514.38651,1487.501782,3.987804878,26.88472805,56
1998,Suns,99.58536585,94.40243902,1569.757878,1479.034543,5.182926829,90.72333537,56
1998,Thunder,100.5609756,93.3902439,1654.0002,1479.181221,7.170731707,174.8189793,61
1998,Timberwolves,101.097561,100.3902439,1479.340468,1481.026846,0.707317073,-1.686378049,45
1998,Trailblazers,94.31707317,92.91463415,1550.923537,1481.939946,1.402439024,68.98359024,46
1998,Warriors,88.25609756,97.37804878,1299.045004,1495.521652,-9.12195122,-196.4766488,19
1998,Wizards,97.18292683,96.59756098,1524.347276,1503.033812,0.585365854,21.31346341,42
1999,Bucks,91.68,90.02,1501.688262,1513.636348,1.66,-11.948086,28
1999,Bulls,81.9,91.36,1496.791292,1520.258316,-9.46,-23.467024,13
1999,Cavaliers,86.44,88.16,1523.946222,1522.204052,-1.72,1.74217,22
1999,Celtics,93,94.86,1434.95757,1501.465758,-1.86,-66.508188,19
1999,Clippers,90.38,99.2,1277.208158,1498.94037,-8.82,-221.732212,9
1999,Grizzlies,88.86,97.52,1266.559498,1485.585122,-8.66,-219.025624,8
1999,Hawks,86.3,83.4,1582.321414,1507.98282,2.9,74.338594,31
1999,Heat,88.98,84.02,1606.567484,1501.0277,4.96,105.539784,33
1999,Jazz,93.32,86.8,1687.246034,1474.894568,6.52,212.351466,37
1999,Kings,100.18,100.6,1416.765908,1483.688508,-0.42,-66.9226,27
1999,Knicks,86.4,85.38,1538.108198,1520.127704,1.02,17.980494,27
1999,Lakers,99,95.98,1622.876218,1479.318668,3.02,143.55755,31
1999,Magic,89.46,86.86,1561.514206,1512.563738,2.6,48.950468,33
1999,Mavericks,91.62,94.02,1373.153966,1485.20082,-2.4,-112.046854,19
1999,Nets,91.38,95.16,1434.21348,1513.929796,-3.78,-79.716316,16
1999,Nuggets,93.48,100.08,1295.301208,1494.828908,-6.6,-199.5277,14
1999,Pacers,94.66,90.92,1621.288222,1502.783896,3.74,118.504326,33
1999,Pelicans,92.88,92.98,1511.136798,1514.83533,-0.1,-3.698532,26
1999,Pistons,90.36,86.94,1564.905826,1520.855882,3.42,44.049944,29
1999,Raptors,91.14,92.78,1396.84903,1512.022926,-1.64,-115.173896,23
1999,Rockets,94.22,91.9,1518.56678,1463.817,2.32,54.74978,31
1999,Sixers,89.66,87.6,1525.375664,1519.799766,2.06,5.575898,28
1999,Spurs,92.8,84.74,1634.043846,1474.179398,8.06,159.864448,37
1999,Suns,95.58,93.32,1546.30671,1482.92319,2.26,63.38352,27
1999,Thunder,94.86,95.94,1530.414272,1477.883188,-1.08,52.531084,25
1999,Timberwolves,92.94,92.56,1510.920706,1468.632762,0.38,42.287944,25
1999,Trailblazers,94.84,88.48,1580.644148,1470.834406,6.36,109.809742,35
1999,Warriors,88.32,90.82,1389.805034,1489.22548,-2.5,-99.420446,21
1999,Wizards,91.2,93.44,1473.80999,1509.839724,-2.24,-36.029734,18
2000,Bucks,101.2195122,101,1516.74163,1504.24442,0.219512195,12.49721098,42
2000,Bulls,84.7804878,94.18292683,1307.133348,1503.59841,-9.402439024,-196.4650622,17
2000,Cavaliers,96.95121951,100.4512195,1433.259683,1501.200963,-3.5,-67.94128049,32
2000,Celtics,99.34146341,100.097561,1459.953702,1504.659357,-0.756097561,-44.70565488,35
2000,Clippers,92.02439024,103.5487805,1276.990429,1514.902135,-11.52439024,-237.9117061,15
2000,Grizzlies,93.92682927,99.54878049,1319.889194,1507.898921,-5.62195122,-188.0097268,22
2000,Hawks,94.32926829,99.70731707,1447.593323,1499.832723,-5.37804878,-52.2394,28
2000,Heat,94.37804878,91.26829268,1583.858544,1496.088857,3.109756098,87.76968659,52
2000,Jazz,96.51219512,92.04878049,1606.026188,1490.836087,4.463414634,115.1901012,55
2000,Kings,104.9634146,102.0487805,1536.320634,1501.257139,2.914634146,35.06349512,44
2000,Knicks,92.13414634,90.67073171,1579.632318,1502.293715,1.463414634,77.33860366,50
2000,Lakers,100.8170732,92.26829268,1670.250095,1492.769967,8.548780488,177.480128,67
2000,Magic,100.0731707,99.3902439,1510.475856,1494.480452,0.682926829,15.99540366,41
2000,Mavericks,101.4146341,101.9878049,1456.926793,1499.656196,-0.573170732,-42.72940366,40
2000,Nets,98,99.03658537,1452.808033,1500.547312,-1.036585366,-47.73927927,31
2000,Nuggets,98.96341463,101.0853659,1406.128699,1498.60804,-2.12195122,-92.47934146,35
2000,Pacers,101.2926829,96.69512195,1627.25295,1497.660893,4.597560976,129.5920573,56
2000,Pelicans,98.43902439,95.76829268,1560.091468,1493.280855,2.670731707,66.81061341,49
2000,Pistons,103.4512195,102.0121951,1543.965926,1503.871071,1.43902439,40.09485488,42
2000,Raptors,97.17073171,97.32926829,1496.87104,1494.153124,-0.158536585,2.717915854,45
2000,Rockets,99.46341463,100.3292683,1460.822276,1497.852365,-0.865853659,-37.03008902,34
2000,Sixers,94.76829268,93.42682927,1530.105672,1498.337276,1.341463415,31.76839634,49
2000,Spurs,96.17073171,90.23170732,1657.165149,1494.068044,5.93902439,163.0971049,53
2000,Suns,98.91463415,93.69512195,1590.614973,1495.554474,5.219512195,95.06049878,53
2000,Thunder,99.08536585,98.13414634,1513.630644,1498.468983,0.951219512,15.16166098,45
2000,Timberwolves,98.52439024,96,1517.42741,1496.532744,2.524390244,20.89466585,50
2000,Trailblazers,97.45121951,91.04878049,1649.368827,1486.157827,6.402439024,163.211,59
2000,Warriors,95.53658537,103.804878,1354.159604,1512.210777,-8.268292683,-158.0511732,19
2000,Wizards,96.59756098,99.87804878,1415.367671,1499.808951,-3.280487805,-84.44128049,29
2001,Bucks,100.7317073,96.85365854,1553.088894,1488.348721,3.87804878,64.74017317,52
2001,Bulls,87.57317073,96.67073171,1262.646874,1503.351872,-9.097560976,-240.7049976,15
2001,Cavaliers,92.20731707,96.45121951,1415.925218,1499.912421,-4.243902439,-83.98720244,30
2001,Celtics,94.62195122,96.75609756,1448.977872,1494.739872,-2.134146341,-45.762,36
2001,Clippers,92.45121951,95.34146341,1358.10498,1518.063851,-2.890243902,-159.9588707,31
2001,Grizzlies,91.73170732,97.46341463,1376.9194,1515.944343,-5.731707317,-139.0249427,23
2001,Hawks,90.96341463,96.17073171,1355.30758,1491.285757,-5.207317073,-135.9781768,25
2001,Heat,88.8902439,86.59756098,1571.669412,1488.474476,2.292682927,83.19493659,50
2001,Jazz,97.06097561,92.36585366,1610.08797,1506.499774,4.695121951,103.5881951,53
2001,Kings,101.7439024,95.92682927,1618.921739,1510.716734,5.817073171,108.2050049,55
2001,Knicks,88.7195122,86.08536585,1543.108683,1476.775315,2.634146341,66.33336829,48
2001,Lakers,100.6219512,97.24390244,1618.21368,1499.002861,3.37804878,119.2108195,56
2001,Magic,97.46341463,96.47560976,1512.196532,1484.629172,0.987804878,27.56735976,43
2001,Mavericks,100.4756098,96.19512195,1577.10388,1510.297378,4.280487805,66.80650244,53
2001,Nets,92.09756098,97.14634146,1391.459066,1498.186872,-5.048780488,-106.7278061,26
2001,Nuggets,96.56097561,99.02439024,1468.687539,1510.850966,-2.463414634,-42.16342683,40
2001,Pacers,92.57317073,92.76829268,1520.23355,1487.904943,-0.195121951,32.32860732,41
2001,Pelicans,91.93902439,89.84146341,1563.96494,1489.893626,2.097560976,74.07131463,46
2001,Pistons,95.57317073,97.26829268,1447.72559,1495.211756,-1.695121951,-47.48616585,32
2001,Raptors,97.64634146,95.3902439,1522.777145,1488.227043,2.256097561,34.55010244,47
2001,Rockets,97.2195122,94.92682927,1541.56015,1510.422457,2.292682927,31.13769268,45
2001,Sixers,94.67073171,90.3902439,1618.324537,1487.649817,4.280487805,130.6747195,56
2001,Spurs,96.17073171,88.41463415,1657.470726,1506.543251,7.756097561,150.9274744,58
2001,Suns,94.02439024,91.81707317,1581.016423,1504.442233,2.207317073,76.57419024,51
2001,Thunder,97.29268293,97.26829268,1515.759324,1508.51427,0.024390244,7.245054878,44
2001,Timberwolves,97.34146341,95.98780488,1549.674028,1506.356228,1.353658537,43.3178,47
2001,Trailblazers,95.41463415,91.2195122,1632.453433,1511.067109,4.195121951,121.3863244,50
2001,Warriors,92.48780488,101.5365854,1326.936695,1516.469333,-9.048780488,-189.5326378,17
2001,Wizards,93.23170732,99.90243902,1349.958748,1500.492161,-6.670731707,-150.5334134,19
2002,Bucks,97.51219512,97.73170732,1549.537811,1492.981754,-0.219512195,56.55605732,41
2002,Bulls,89.45121951,97.98780488,1292.642778,1506.412433,-8.536585366,-213.7696549,21
2002,Cavaliers,95.26829268,98.59756098,1388.205215,1488.441204,-3.329268293,-100.235989,29
2002,Celtics,96.35365854,94.14634146,1517.501146,1487.185346,2.207317073,30.3158,49
2002,Clippers,95.68292683,96.14634146,1498.569861,1510.090565,-0.463414634,-11.52070366,39
2002,Grizzlies,89.90243902,97.34146341,1342.825459,1519.990755,-7.43902439,-177.1652963,23
2002,Hawks,94.03658537,98.26829268,1388.13551,1501.881746,-4.231707317,-113.7462366,33
2002,Heat,87.19512195,88.73170732,1452.414271,1485.730822,-1.536585366,-33.31655122,36
2002,Jazz,95.98780488,95.09756098,1554.571912,1506.471454,0.890243902,48.10045854,44
2002,Kings,104.6097561,97,1658.234487,1508.698965,7.609756098,149.535522,61
2002,Knicks,91.63414634,95.62195122,1432.802155,1499.666672,-3.987804878,-66.86451707,30
2002,Lakers,101.2682927,94.14634146,1690.557318,1508.47791,7.12195122,182.0794085,58
2002,Magic,100.4878049,98.91463415,1526.234894,1487.890941,1.573170732,38.34395244,44
2002,Mavericks,105.2317073,100.9756098,1611.996768,1507.9556,4.256097561,104.0411683,57
2002,Nets,96.20731707,92.04878049,1522.542878,1492.003515,4.158536585,30.53936341,52
2002,Nuggets,92.18292683,98,1412.629799,1522.144145,-5.817073171,-109.5143463,27
2002,Pacers,96.80487805,96.53658537,1495.134099,1487.669735,0.268292683,7.464363415,42
2002,Pelicans,93.90243902,92.93902439,1525.73181,1486.78147,0.963414634,38.95034024,44
2002,Pistons,94.32926829,92.19512195,1514.78804,1486.56273,2.134146341,28.22530976,50
2002,Raptors,91.3902439,91.82926829,1521.274935,1495.533578,-0.43902439,25.74135732,42
2002,Rockets,92.34146341,97.23170732,1456.771524,1514.798721,-4.890243902,-58.02719634,28
2002,Sixers,90.98780488,89.3902439,1543.728095,1491.111238,1.597560976,52.61685732,43
2002,Spurs,96.73170732,90.52439024,1653.366024,1509.034585,6.207317073,144.331439,58
2002,Suns,95.14634146,95.82926829,1521.167855,1515.991989,-0.682926829,5.175865854,36
2002,Thunder,97.73170732,94.70731707,1566.723316,1506.764934,3.024390244,59.95838171,45
2002,Timberwolves,99.32926829,95.95121951,1593.111487,1509.031088,3.37804878,84.08039878,50
2002,Trailblazers,96.64634146,93.65853659,1563.34943,1507.498233,2.987804878,55.85119756,49
2002,Warriors,97.67073171,103.0731707,1331.543804,1517.66459,-5.402439024,-186.1207866,21
2002,Wizards,92.79268293,94.19512195,1426.178027,1497.80399,-1.402439024,-71.62596341,37
2003,Bucks,99.48780488,99.25609756,1480.340695,1488.656244,0.231707317,-8.31554878,42
2003,Bulls,94.95121951,100.0853659,1364.242891,1505.591417,-5.134146341,-141.3485256,30
2003,Cavaliers,91.40243902,101.0243902,1316.749459,1502.847907,-9.62195122,-186.0984488,17
2003,Celtics,92.67073171,93.06097561,1525.383866,1490.96405,-0.390243902,34.41981585,44
2003,Clippers,93.81707317,97.93902439,1425.522213,1520.907198,-4.12195122,-95.38498415,27
2003,Grizzlies,97.5,100.7317073,1386.720902,1512.805543,-3.231707317,-126.0846402,28
2003,Hawks,94.07317073,97.63414634,1423.280326,1499.089183,-3.56097561,-75.80885732,35
2003,Heat,85.56097561,90.6097561,1418.22982,1503.664485,-5.048780488,-85.43466585,25
2003,Jazz,94.65853659,92.26829268,1559.394589,1509.119999,2.390243902,50.27459024,47
2003,Kings,101.7317073,95.23170732,1663.265452,1504.415435,6.5,158.8500171,59
2003,Knicks,95.85365854,97.20731707,1442.349867,1497.351424,-1.353658537,-55.00155732,37
2003,Lakers,100.3658537,98.03658537,1593.341284,1510.672322,2.329268293,82.6689622,50
2003,Magic,98.51219512,98.37804878,1496.482252,1495.082726,0.134146341,1.399526829,42
2003,Mavericks,102.9756098,95.19512195,1694.356154,1504.729124,7.780487805,189.6270293,60
2003,Nets,95.36585366,90.14634146,1597.847996,1484.707261,5.219512195,113.1407354,49
2003,Nuggets,84.15853659,92.43902439,1336.392076,1519.914955,-8.280487805,-183.5228793,17
2003,Pacers,96.82926829,93.34146341,1555.042466,1490.585745,3.487804878,64.45672073,48
2003,Pelicans,93.8902439,91.7804878,1541.409696,1487.352498,2.109756098,54.05719878,47
2003,Pistons,91.36585366,87.68292683,1589.701207,1490.154094,3.682926829,99.54711341,50
2003,Raptors,90.8902439,96.75609756,1396.057667,1495.621639,-5.865853659,-99.56397195,24
2003,Rockets,93.75609756,92.2804878,1501.516293,1513.43821,1.475609756,-11.92191707,43
2003,Sixers,96.84146341,94.53658537,1545.85325,1493.286661,2.304878049,52.56658902,48
2003,Spurs,95.80487805,90.3902439,1646.345828,1512.968421,5.414634146,133.3774073,60
2003,Suns,95.53658537,94.40243902,1520.974351,1514.977479,1.134146341,5.996871951,44
2003,Thunder,92.13414634,92.25609756,1510.863334,1514.154284,-0.12195122,-3.29095,40
2003,Timberwolves,98.12195122,96.04878049,1559.822566,1508.497696,2.073170732,51.32486951,51
2003,Trailblazers,95.15853659,92.54878049,1587.59466,1513.189071,2.609756098,74.40558902,50
2003,Warriors,102.4390244,103.5731707,1439.033482,1511.267744,-1.134146341,-72.2342622,38
2003,Wizards,91.48780488,92.5,1472.80242,1494.904248,-1.012195122,-22.10182805,37
2004,Bucks,98.03658537,96.97560976,1514.597509,1488.135088,1.06097561,26.46242073,41
2004,Bulls,89.69512195,96.04878049,1354.47292,1497.143906,-6.353658537,-142.6709866,23
2004,Cavaliers,92.91463415,95.53658537,1384.709493,1499.772759,-2.62195122,-115.0632659,35
2004,Celtics,95.25609756,96.70731707,1458.757198,1489.169657,-1.451219512,-30.41245976,36
2004,Clippers,94.76829268,99.35365854,1428.529117,1519.478067,-4.585365854,-90.94895,28
2004,Grizzlies,96.70731707,94.26829268,1540.397784,1516.610559,2.43902439,23.78722561,50
2004,Hawks,92.81707317,97.46341463,1400.816421,1492.686649,-4.646341463,-91.87022805,28
2004,Heat,90.26829268,89.74390244,1439.815824,1495.916621,0.524390244,-56.10079634,42
2004,Jazz,88.67073171,89.8902439,1497.399938,1514.243672,-1.219512195,-16.84373415,42
2004,Kings,102.8414634,97.82926829,1653.609435,1506.203395,5.012195122,147.4060402,55
2004,Knicks,91.97560976,93.45121951,1460.615721,1491.231646,-1.475609756,-30.61592561,39
2004,Lakers,98.19512195,94.29268293,1621.046912,1510.050367,3.902439024,110.9965451,56
2004,Magic,94.03658537,101.0609756,1373.41915,1499.812928,-7.024390244,-126.393778,21
2004,Mavericks,105.195122,100.7560976,1616.368187,1511.241344,4.43902439,105.1268427,52
2004,Nets,90.25609756,87.75609756,1579.259826,1487.992555,2.5,91.26727073,47
2004,Nuggets,97.2195122,96.14634146,1478.664948,1516.157874,1.073170732,-37.49292683,43
2004,Pacers,91.37804878,85.62195122,1601.940911,1483.118833,5.756097561,118.822078,61
2004,Pelicans,91.81707317,91.91463415,1517.097667,1494.197649,-0.097560976,22.90001829,41
2004,Pistons,90.09756098,84.25609756,1596.607926,1484.25606,5.841463415,112.3518659,54
2004,Raptors,85.43902439,88.45121951,1404.130305,1499.749637,-3.012195122,-95.61933171,33
2004,Rockets,89.7804878,88.04878049,1566.802232,1517.831259,1.731707317,48.97097317,45
2004,Sixers,87.98780488,90.47560976,1475.350411,1492.299689,-2.487804878,-16.94927805,33
2004,Spurs,91.47560976,84.25609756,1682.287855,1515.269568,7.219512195,167.0182866,57
2004,Suns,94.18292683,97.92682927,1449.064352,1518.950309,-3.743902439,-69.8859561,29
2004,Thunder,97.12195122,97.75609756,1492.822165,1513.360284,-0.634146341,-20.53811951,37
2004,Timberwolves,94.54878049,89.06097561,1625.88152,1507.470204,5.487804878,118.4113159,58
2004,Trailblazers,90.73170732,92,1517.672837,1518.036209,-1.268292683,-0.363371951,41
2004,Warriors,93.2804878,94.01219512,1474.607626,1518.371138,-0.731707317,-43.7635122,37
2004,Wizards,91.80487805,97.43902439,1381.45747,1489.445732,-5.634146341,-107.9882622,25
2005,Bucks,97.23170732,100.2195122,1440.833101,1485.753726,-2.987804878,-44.92062439,30
2005,Bulls,94.45121951,93.3902439,1457.457224,1484.08506,1.06097561,-26.62783537,47
2005,Cavaliers,96.51219512,95.7195122,1492.122415,1482.646043,0.792682927,9.476371951,42
2005,Celtics,101.2682927,100.402439,1495.785594,1481.33894,0.865853659,14.44665366,45
2005,Clippers,95.7195122,96.48780488,1460.33111,1507.823479,-0.768292683,-47.49236951,37
2005,Grizzlies,93.42682927,91.13414634,1560.81494,1502.104322,2.292682927,58.71061829,45
2005,Hawks,92.74390244,102.4512195,1302.470062,1493.19611,-9.707317073,-190.7260476,13
2005,Heat,101.5487805,95.02439024,1625.774201,1480.455162,6.524390244,145.319039,59
2005,Hornets,94.25609756,100.2439024,1278.091346,1495.098463,-5.987804878,-217.0071171,18
2005,Jazz,92.98780488,97.25609756,1435.857815,1512.47426,-4.268292683,-76.61644512,26
2005,Kings,103.7195122,101.5609756,1587.785629,1505.028745,2.158536585,82.75688415,50
2005,Knicks,97.2804878,99.7195122,1427.18021,1490.650627,-2.43902439,-63.47041707,33
2005,Lakers,98.7195122,101.6829268,1521.765263,1508.134104,-2.963414634,13.63115976,34
2005,Magic,99.51219512,101.7560976,1420.993727,1492.366373,-2.243902439,-71.37264634,36
2005,Mavericks,102.5,96.75609756,1623.053401,1491.412443,5.743902439,131.6409585,58
2005,Nets,91.41463415,92.91463415,1451.19087,1480.667166,-1.5,-29.47629634,42
2005,Nuggets,99.52439024,97.5,1520.495902,1503.397123,2.024390244,17.09877927,49
2005,Pacers,93,92.24390244,1543.069574,1488.635491,0.756097561,54.43408293,44
2005,Pelicans,88.43902439,95.51219512,1372.631874,1520.557418,-7.073170732,-147.9255439,18
2005,Pistons,93.32926829,89.46341463,1603.116563,1475.434077,3.865853659,127.6824866,54
2005,Raptors,99.73170732,101.3536585,1428.540599,1494.122007,-1.62195122,-65.58140854,33
2005,Rockets,95.07317073,91.03658537,1560.245454,1510.048795,4.036585366,50.19665854,51
2005,Sixers,99.12195122,99.86585366,1454.181941,1482.398971,-0.743902439,-28.21702927,43
2005,Spurs,96.19512195,88.3902439,1719.231101,1499.887788,7.804878049,219.3433134,59
2005,Suns,110.4146341,103.2926829,1626.599498,1504.249661,7.12195122,122.3498366,62
2005,Thunder,98.93902439,96.64634146,1583.504945,1510.503311,2.292682927,73.00163415,52
2005,Timberwolves,96.75609756,95.30487805,1556.03122,1506.747406,1.451219512,49.28381341,44
2005,Trailblazers,92.93902439,96.93902439,1448.270139,1515.822911,-4,-67.55277195,27
2005,Warriors,98.70731707,100.8658537,1428.457785,1505.413766,-2.158536585,-76.95598049,34
2005,Wizards,100.5,100.8292683,1469.145817,1484.575574,-0.329268293,-15.42975732,45
2006,Bucks,97.80487805,98.84146341,1443.159884,1495.1559,-1.036585366,-51.99601585,40
2006,Bulls,97.80487805,97.17073171,1498.248357,1492.835237,0.634146341,5.413120732,41
2006,Cavaliers,97.58536585,95.35365854,1531.105194,1494.552812,2.231707317,36.55238171,50
2006,Celtics,97.96341463,99.5,1471.004068,1497.379704,-1.536585366,-26.37563537,33
2006,Clippers,97.19512195,95.62195122,1529.547502,1510.296934,1.573170732,19.25056829,47
2006,Grizzlies,92.17073171,88.47560976,1558.848868,1498.462161,3.695121951,60.38670732,49
2006,Hawks,97.2195122,101.9756098,1309.496005,1495.25912,-4.756097561,-185.7631146,26
2006,Heat,99.8902439,96.02439024,1616.733118,1487.239518,3.865853659,129.4936,52
2006,Hornets,96.86585366,100.8658537,1354.564093,1497.815935,-4,-143.2518427,26
2006,Jazz,92.35365854,94.98780488,1436.476972,1504.269188,-2.634146341,-67.79221585,41
2006,Kings,98.85365854,97.31707317,1514.18665,1505.673966,1.536585366,8.512684146,44
2006,Knicks,95.63414634,102.0365854,1362.657007,1502.483794,-6.402439024,-139.8267866,23
2006,Lakers,99.43902439,96.93902439,1514.979437,1503.228127,2.5,11.75130976,45
2006,Magic,94.92682927,96,1412.343396,1488.617141,-1.073170732,-76.27374512,36
2006,Mavericks,99.14634146,93.07317073,1670.528571,1497.96089,6.073170732,172.5676805,60
2006,Nets,93.79268293,92.42682927,1535.559971,1491.088522,1.365853659,44.47144878,49
2006,Nuggets,100.3292683,100.097561,1535.431751,1499.779655,0.231707317,35.65209634,44
2006,Pacers,93.8902439,92,1528.870473,1489.832522,1.890243902,39.03795122,41
2006,Pelicans,92.81707317,95.63414634,1443.967438,1510.236051,-2.817073171,-66.26861341,38
2006,Pistons,96.84146341,90.17073171,1701.013126,1486.836445,6.670731707,214.1766805,64
2006,Raptors,101.0609756,104.0487805,1406.300637,1496.313996,-2.987804878,-90.01335976,27
2006,Rockets,90.08536585,91.67073171,1511.103716,1504.407444,-1.585365854,6.696271951,34
2006,Sixers,99.35365854,101.304878,1466.710662,1490.263573,-1.951219512,-23.55291098,38
2006,Spurs,95.57317073,88.75609756,1683.454409,1501.073902,6.817073171,182.3805061,63
2006,Suns,108.3658537,102.8170732,1646.125032,1498.273159,5.548780488,147.8518732,54
2006,Thunder,102.5731707,105.597561,1458.043191,1505.542294,-3.024390244,-47.49910244,35
2006,Timberwolves,91.73170732,93.6097561,1493.870141,1504.546709,-1.87804878,-10.67656707,33
2006,Trailblazers,88.84146341,98.29268293,1351.862134,1517.453921,-9.451219512,-165.5917866,21
2006,Warriors,98.48780488,99.84146341,1478.940004,1506.469782,-1.353658537,-27.52977805,34
2006,Wizards,101.6585366,99.80487805,1498.937196,1490.720602,1.853658537,8.216593902,42
2007,Bucks,99.65853659,104.0365854,1432.91763,1499.362124,-4.37804878,-66.4444939,28
2007,Bulls,98.7804878,93.76829268,1568.012572,1492.206326,5.012195122,75.80624634,49
2007,Cavaliers,96.75609756,92.92682927,1556.845133,1489.174395,3.829268293,67.6707378,50
2007,Celtics,95.81707317,99.23170732,1389.886009,1493.900634,-3.414634146,-104.0146256,24
2007,Clippers,95.64634146,96.1097561,1513.389078,1507.721889,-0.463414634,5.667189024,40
2007,Grizzlies,101.597561,106.7439024,1418.1789,1514.919401,-5.146341463,-96.74050122,22
2007,Hawks,93.65853659,98.41463415,1388.682174,1494.192124,-4.756097561,-105.50995,30
2007,Heat,94.62195122,95.53658537,1518.176656,1495.915573,-0.914634146,22.26108293,44
2007,Hornets,96.8902439,100.6341463,1403.588344,1495.94163,-3.743902439,-92.35328659,33
2007,Jazz,101.4878049,98.62195122,1568.82748,1503.457427,2.865853659,65.37005366,51
2007,Kings,101.2560976,103.0609756,1491.785173,1509.43855,-1.804878049,-17.65337683,33
2007,Knicks,97.48780488,100.3414634,1412.140874,1498.155774,-2.853658537,-86.0149,33
2007,Lakers,103.3414634,103.4146341,1536.44219,1504.781144,-0.073170732,31.66104634,42
2007,Magic,94.76829268,93.98780488,1494.782684,1493.616807,0.780487805,1.165876829,40
2007,Mavericks,100.0121951,92.79268293,1696.39208,1497.573341,7.219512195,198.818739,67
2007,Nets,97.57317073,98.34146341,1483.746994,1493.367961,-0.768292683,-9.620967073,41
2007,Nuggets,105.3536585,103.7317073,1511.17073,1503.412639,1.62195122,7.758091463,45
2007,Pacers,95.6097561,98.04878049,1464.292348,1493.653595,-2.43902439,-29.36124756,35
2007,Pelicans,95.52439024,97.09756098,1451.954134,1505.064556,-1.573170732,-53.11042195,39
2007,Pistons,96,91.84146341,1606.285546,1490.872561,4.158536585,115.4129854,53
2007,Raptors,99.47560976,98.48780488,1478.0529,1495.214548,0.987804878,-17.16164756,47
2007,Rockets,96.98780488,92.13414634,1578.522465,1504.158537,4.853658537,74.36392805,52
2007,Sixers,94.93902439,97.96341463,1425.315816,1496.699115,-3.024390244,-71.38329878,35
2007,Spurs,98.52439024,90.09756098,1676.965617,1493.855751,8.426829268,183.1098659,58
2007,Suns,110.2073171,102.902439,1654.446004,1497.371745,7.304878049,157.0742585,61
2007,Thunder,99.14634146,102.0365854,1456.089043,1516.828543,-2.890243902,-60.7395,31
2007,Timberwolves,96.06097561,99.73170732,1445.952661,1513.412265,-3.670731707,-67.45960366,32
2007,Trailblazers,94.1097561,98.40243902,1384.58362,1514.09107,-4.292682927,-129.50745,32
2007,Warriors,106.5487805,106.8902439,1474.558748,1502.266298,-0.341463415,-27.70755,42
2007,Wizards,104.3414634,104.8536585,1523.029274,1494.386555,-0.512195122,28.64271951,41
2008,Bucks,97.02439024,103.9146341,1367.535362,1499.603127,-6.890243902,-132.0677646,26
2008,Bulls,97.32926829,100.4146341,1480.939832,1498.56725,-3.085365854,-17.62741829,33
2008,Cavaliers,96.37804878,96.73170732,1531.031587,1494.32982,-0.353658537,36.70176707,45
2008,Celtics,100.5487805,90.29268293,1632.447207,1487.350956,10.25609756,145.0962512,66
2008,Clippers,93.80487805,101.0731707,1417.549298,1521.711832,-7.268292683,-104.1625341,23
2008,Grizzlies,100.695122,106.902439,1369.26685,1511.853139,-6.207317073,-142.586289,22
2008,Hawks,98.2195122,100.0365854,1435.742535,1495.593759,-1.817073171,-59.85122317,37
2008,Heat,91.35365854,100,1343.776463,1498.23427,-8.646341463,-154.4578061,15
2008,Hornets,97.06097561,101.4390244,1418.034852,1500.941372,-4.37804878,-82.90651951,32
2008,Jazz,106.2195122,99.34146341,1616.797126,1502.181883,6.87804878,114.6152427,54
2008,Kings,102.5365854,104.7926829,1452.709921,1512.891401,-2.256097561,-60.18148049,38
2008,Knicks,96.92682927,103.5365854,1359.445628,1503.048087,-6.609756098,-143.6024585,23
2008,Lakers,108.5853659,101.3292683,1615.108132,1503.303502,7.256097561,111.8046293,57
2008,Magic,104.4756098,99.01219512,1567.597105,1486.10693,5.463414634,81.49017439,52
2008,Mavericks,100.4146341,95.87804878,1619.508154,1501.916737,4.536585366,117.5914171,51
2008,Nets,95.81707317,100.8780488,1433.787499,1495.563801,-5.06097561,-61.77630244,34
2008,Nuggets,110.6585366,106.9512195,1574.453221,1499.46623,3.707317073,74.98699024,50
2008,Pacers,103.9878049,105.3902439,1437.090667,1496.861194,-1.402439024,-59.77052683,36
2008,Pelicans,100.8536585,95.57317073,1586.17194,1507.730415,5.280487805,78.44152561,56
2008,Pistons,97.46341463,90.07317073,1650.437857,1483.973289,7.390243902,166.4645683,59
2008,Raptors,100.1829268,97.2804878,1541.281346,1489.728578,2.902439024,51.55276829,41
2008,Rockets,96.7195122,92.03658537,1602.614257,1503.110541,4.682926829,99.50371585,55
2008,Sixers,96.62195122,96.20731707,1480.645207,1497.170213,0.414634146,-16.5250061,40
2008,Spurs,95.36585366,90.57317073,1653.144593,1503.890145,4.792682927,149.2544476,56
2008,Suns,110.0731707,105.0243902,1636.018046,1508.096976,5.048780488,127.9210707,55
2008,Thunder,97.54878049,106.304878,1349.867572,1521.195594,-8.756097561,-171.328022,20
2008,Timberwolves,95.59756098,102.3780488,1330.205313,1512.051223,-6.780487805,-181.8459098,22
2008,Trailblazers,95.36585366,96.34146341,1478.443976,1508.982146,-0.975609756,-30.53817073,41
2008,Warriors,111.0365854,108.8292683,1585.928845,1504.099735,2.207317073,81.82910976,48
2008,Wizards,98.82926829,99.15853659,1477.178471,1495.204717,-0.329268293,-18.02624634,43
2009,Bucks,99.29268293,100.3780488,1423.410122,1503.157568,-1.085365854,-79.74744634,34
2009,Bulls,102.1707317,102.4512195,1469.803128,1496.74656,-0.280487805,-26.94343171,41
2009,Cavaliers,100.2804878,91.35365854,1675.63967,1485.393137,8.926829268,190.2465329,66
2009,Celtics,100.9146341,93.40243902,1705.408671,1499.379091,7.512195122,206.0295793,62
2009,Clippers,95.1097561,103.8780488,1327.437067,1511.375874,-8.768292683,-183.9388073,19
2009,Grizzlies,93.87804878,99.34146341,1332.244848,1511.678691,-5.463414634,-179.4338439,24
2009,Hawks,98.12195122,96.54878049,1523.2073,1501.229752,1.573170732,21.97754756,47
2009,Heat,98.30487805,98.04878049,1447.408444,1508.657877,0.256097561,-61.24943293,43
2009,Hornets,93.62195122,94.8902439,1448.594838,1493.804652,-1.268292683,-45.20981463,35
2009,Jazz,103.5609756,100.9146341,1591.045743,1494.162156,2.646341463,96.88358659,48
2009,Kings,100.5853659,109.3414634,1350.913254,1509.056724,-8.756097561,-158.1434707,17
2009,Knicks,105.2073171,107.8170732,1402.112826,1507.372073,-2.609756098,-105.2592476,32
2009,Lakers,106.9268293,99.26829268,1713.824715,1497.189588,7.658536585,216.6351268,65
2009,Magic,101.0487805,94.35365854,1645.606876,1496.033501,6.695121951,149.5733744,59
2009,Mavericks,101.7439024,99.76829268,1566.076974,1496.277766,1.975609756,69.79920854,50
2009,Nets,98.09756098,100.5365854,1441.972682,1510.315485,-2.43902439,-68.34280366,34
2009,Nuggets,104.3292683,100.9146341,1594.373874,1497.850354,3.414634146,96.52352073,54
2009,Pacers,105.0853659,106.195122,1464.133691,1513.921967,-1.109756098,-49.78827561,36
2009,Pelicans,95.81707317,94.26829268,1596.139646,1500.188907,1.548780488,95.95073902,49
2009,Pistons,94.23170732,94.7195122,1535.699055,1504.801507,-0.487804878,30.89754756,39
2009,Raptors,99.03658537,101.8536585,1456.457921,1504.24708,-2.817073171,-47.78915976,33
2009,Rockets,98.41463415,94.41463415,1608.941673,1497.406285,4,111.5353878,53
2009,Sixers,97.40243902,97.32926829,1503.646674,1500.752487,0.073170732,2.894187805,41
2009,Spurs,97.04878049,93.29268293,1616.253933,1491.94262,3.756097561,124.3113134,54
2009,Suns,109.4390244,107.5121951,1560.11601,1499.782635,1.926829268,60.33337439,46
2009,Thunder,96.97560976,103.0731707,1317.03461,1506.978429,-6.097560976,-189.9438195,23
2009,Timberwolves,97.79268293,102.7073171,1368.517116,1511.960638,-4.914634146,-143.443522,24
2009,Trailblazers,99.42682927,94.08536585,1564.455705,1506.013361,5.341463415,58.4423439,54
2009,Warriors,108.597561,112.3414634,1453.114605,1502.849344,-3.743902439,-49.73473902,29
2009,Wizards,96.06097561,103.5243902,1363.856463,1506.92202,-7.463414634,-143.0655561,19
2010,Bucks,97.67073171,95.97560976,1494.058327,1496.236244,1.695121951,-2.177917073,46
2010,Bulls,97.47560976,99.1097561,1483.890284,1503.556411,-1.634146341,-19.66612683,41
2010,Cavaliers,102.1097561,95.58536585,1717.898687,1493.432617,6.524390244,224.4660695,61
2010,Celtics,99.2195122,95.56097561,1618.223844,1493.009956,3.658536585,125.2138878,50
2010,Clippers,95.7195122,102.0731707,1365.914741,1506.847901,-6.353658537,-140.9331598,29
2010,Grizzlies,102.4878049,104,1469.021185,1505.055423,-1.512195122,-36.0342378,40
2010,Hawks,101.6829268,97.02439024,1583.074252,1501.231433,4.658536585,81.84281951,53
2010,Heat,96.51219512,94.23170732,1524.165094,1495.923498,2.280487805,28.24159634,47
2010,Hornets,95.2804878,93.81707317,1515.628213,1499.12921,1.463414634,16.49900366,44
2010,Jazz,104.2317073,98.8902439,1595.95724,1499.909849,5.341463415,96.04739146,53
2010,Kings,100,104.3658537,1348.92139,1506.763394,-4.365853659,-157.8420037,25
2010,Knicks,102.1097561,105.9268293,1403.068787,1499.846922,-3.817073171,-96.77813537,29
2010,Lakers,101.695122,96.97560976,1691.544061,1499.812628,4.719512195,191.7314329,57
2010,Magic,102.7560976,95.26829268,1648.643527,1492.535324,7.487804878,156.1082024,59
2010,Mavericks,102,99.2804878,1602.091755,1498.510145,2.719512195,103.5816098,55
2010,Nets,92.37804878,101.5,1304.672216,1514.195287,-9.12195122,-209.5230707,12
2010,Nuggets,106.4512195,102.3658537,1628.023988,1504.988782,4.085365854,123.0352061,53
2010,Pacers,100.7682927,103.7804878,1427.382041,1504.933828,-3.012195122,-77.55178659,32
2010,Pelicans,100.2439024,102.7073171,1470.542978,1510.439791,-2.463414634,-39.89681341,37
2010,Pistons,94.01219512,99.12195122,1396.727389,1500.619976,-5.109756098,-103.8925866,27
2010,Raptors,104.0731707,105.8536585,1476.768113,1498.305489,-1.780487805,-21.53737561,40
2010,Rockets,102.3780488,102.7439024,1562.385991,1506.585828,-0.365853659,55.80016341,42
2010,Sixers,97.73170732,101.6341463,1425.450182,1511.497451,-3.902439024,-86.04726951,27
2010,Spurs,101.3658537,96.2804878,1594.302283,1504.531291,5.085365854,89.77099146,50
2010,Suns,110.2317073,105.3292683,1572.579967,1501.998577,4.902439024,70.58139024,54
2010,Thunder,101.4878049,98,1529.479351,1506.186027,3.487804878,23.29332439,50
2010,Timberwolves,98.18292683,107.7804878,1302.678148,1520.913862,-9.597560976,-218.2357146,15
2010,Trailblazers,98.1097561,94.80487805,1578.84888,1496.654477,3.304878049,82.19440366,50
2010,Warriors,108.804878,112.402439,1390.661835,1511.936384,-3.597560976,-121.2745488,26
2010,Wizards,96.24390244,101.0243902,1368.746685,1505.763432,-4.780487805,-137.0167463,26
2011,Bucks,91.87804878,92.7195122,1487.751822,1505.337894,-0.841463415,-17.58607195,35
2011,Bulls,98.62195122,91.30487805,1601.851221,1484.663143,7.317073171,117.188078,62
2011,Cavaliers,95.45121951,104.4634146,1375.16127,1502.694676,-9.012195122,-127.5334061,19
2011,Celtics,96.5,91.13414634,1663.555398,1488.215399,5.365853659,175.3399988,56
2011,Clippers,98.64634146,101.7804878,1387.014683,1508.42157,-3.134146341,-121.4068866,32
2011,Grizzlies,99.93902439,97.59756098,1518.580574,1513.352829,2.341463415,5.227745122,46
2011,Hawks,95,95.81707317,1544.868804,1500.647256,-0.817073171,44.22154756,44
2011,Heat,102.0609756,94.59756098,1645.614991,1493.123077,7.463414634,152.4919146,58
2011,Hornets,93.29268293,97.29268293,1453.895448,1499.350857,-4,-45.45540976,34
2011,Jazz,99.42682927,101.2560976,1530.208,1513.988045,-1.829268293,16.21995488,39
2011,Kings,99.40243902,104.7439024,1347.909439,1522.181266,-5.341463415,-174.2718268,24
2011,Knicks,106.5121951,105.7317073,1481.758756,1499.260927,0.780487805,-17.50217073,42
2011,Lakers,101.4756098,95.36585366,1653.220248,1498.782499,6.109756098,154.4377488,57
2011,Magic,99.20731707,93.74390244,1645.325134,1497.622785,5.463414634,147.7023488,52
2011,Mavericks,100.2439024,96.01219512,1621.341896,1501.58183,4.231707317,119.7600659,57
2011,Nets,94.17073171,100.4146341,1346.320213,1505.765572,-6.243902439,-159.4453585,24
2011,Nuggets,107.4512195,102.695122,1585.474585,1497.39921,4.756097561,88.07537561,50
2011,Pacers,99.79268293,100.8658537,1482.358799,1503.618768,-1.073170732,-21.25996951,37
2011,Pelicans,94.92682927,94.03658537,1530.022837,1508.370468,0.890243902,21.65236829,46
2011,Pistons,96.96341463,100.5609756,1391.048929,1497.78863,-3.597560976,-106.7397012,30
2011,Raptors,99.07317073,105.3536585,1377.731262,1508.141815,-6.280487805,-130.4105524,22
2011,Rockets,105.9146341,103.7317073,1514.958556,1500.617821,2.182926829,14.34073537,43
2011,Sixers,99.01219512,97.51219512,1492.266344,1500.139398,1.5,-7.873053659,41
2011,Spurs,103.6829268,97.97560976,1665.953123,1502.660746,5.707317073,163.2923768,61
2011,Suns,105.0121951,105.902439,1545.396268,1505.753652,-0.890243902,39.64261585,40
2011,Thunder,104.8292683,101.0365854,1587.874182,1501.510772,3.792682927,86.36340976,55
2011,Timberwolves,101.0731707,107.7073171,1314.617607,1519.672491,-6.634146341,-205.0548841,17
2011,Trailblazers,96.29268293,94.76829268,1543.57374,1509.590009,1.524390244,33.98373171,48
2011,Warriors,103.3780488,105.7073171,1431.669861,1508.603791,-2.329268293,-76.93393049,36
2011,Wizards,97.2804878,104.6829268,1337.422607,1505.889401,-7.402439024,-168.4667939,23
2012,Bucks,99.01515152,98.74242424,1494.730459,1490.839618,0.272727273,3.890840909,31
2012,Bulls,96.34848485,88.16666667,1673.662609,1480.6052,8.181818182,193.0574091,50
2012,Cavaliers,93.03030303,100.2272727,1365.733179,1499.8205,-7.196969697,-134.0873212,21
2012,Celtics,91.84848485,89.33333333,1558.785003,1497.483518,2.515151515,61.30148485,39
2012,Clippers,97.54545455,94.98484848,1531.906689,1512.555061,2.560606061,19.35162879,40
2012,Grizzlies,94.98484848,92.96969697,1581.858439,1506.463442,2.015151515,75.39499697,41
2012,Hawks,96.59090909,93.15151515,1536.570385,1492.689771,3.439393939,43.88061364,40
2012,Heat,98.48484848,92.5,1680.059247,1504.740721,5.984848485,175.3185258,46
2012,Hornets,86.95454545,100.8636364,1284.182042,1498.094664,-13.90909091,-213.9126212,7
2012,Jazz,99.65151515,99.03030303,1495.665162,1514.608255,0.621212121,-18.94309242,36
2012,Kings,98.75757576,104.4393939,1400.865271,1523.544627,-5.681818182,-122.6793561,22
2012,Knicks,97.84848485,94.65151515,1502.571541,1492.385564,3.196969697,10.18597727,36
2012,Lakers,97.3030303,95.87878788,1595.069805,1518.621374,1.424242424,76.4484303,41
2012,Magic,94.16666667,93.37878788,1563.930555,1498.33885,0.787878788,65.59170455,37
2012,Mavericks,95.78787879,94.83333333,1594.580317,1515.279653,0.954545455,79.30066364,36
2012,Nets,93.09090909,99.07575758,1343.087142,1490.266339,-5.984848485,-147.179197,22
2012,Nuggets,104.1212121,101.2424242,1580.371994,1511.936186,2.878787879,68.43580758,38
2012,Pacers,97.71212121,94.40909091,1546.263733,1489.866774,3.303030303,56.39695909,42
2012,Pelicans,89.63636364,93.39393939,1419.204917,1520.895774,-3.757575758,-101.6908576,21
2012,Pistons,90.86363636,95.65151515,1380.944973,1489.930982,-4.787878788,-108.9860091,25
2012,Raptors,90.6969697,94,1368.272135,1495.134462,-3.303030303,-126.8623273,23
2012,Rockets,98.09090909,97.86363636,1528.053267,1505.275305,0.227272727,22.77796212,34
2012,Sixers,93.63636364,89.39393939,1556.687827,1490.187535,4.242424242,66.50029242,35
2012,Spurs,103.6515152,96.48484848,1630.662717,1504.752076,7.166666667,125.9106409,50
2012,Suns,98.36363636,98.60606061,1505.780318,1525.927992,-0.242424242,-20.14767424,33
2012,Thunder,103.0606061,96.93939394,1666.271088,1513.781694,6.121212121,152.4893939,47
2012,Timberwolves,97.93939394,100.1363636,1428.964397,1513.998959,-2.196969697,-85.03456212,26
2012,Trailblazers,97.1969697,97.81818182,1521.553659,1516.567745,-0.621212121,4.985913636,28
2012,Warriors,97.77272727,101.1818182,1453.522577,1515.073388,-3.409090909,-61.55081061,23
2012,Wizards,93.63636364,98.43939394,1331.522274,1491.667691,-4.803030303,-160.1454167,20
2013,Bucks,98.87804878,100.3780488,1484.05824,1502.013635,-1.5,-17.95539512,38
2013,Bulls,93.18292683,92.86585366,1553.083767,1501.928523,0.317073171,51.1552439,45
2013,Cavaliers,96.5,101.1829268,1351.438756,1509.901637,-4.682926829,-158.4628805,24
2013,Celtics,96.51851852,96.74074074,1531.514885,1498.884642,-0.222222222,32.63024321,41
2013,Clippers,101.0853659,94.63414634,1629.290724,1502.727383,6.451219512,126.5633415,56
2013,Grizzlies,93.40243902,89.25609756,1614.344162,1506.391773,4.146341463,107.952389,56
2013,Hawks,97.95121951,97.54878049,1528.114737,1487.005498,0.402439024,41.10923902,44
2013,Heat,102.8780488,95.01219512,1688.56254,1474.755439,7.865853659,213.8071012,66
2013,Hornets,93.42682927,102.6585366,1260.204443,1509.049683,-9.231707317,-248.8452402,21
2013,Jazz,98.02439024,98.1097561,1518.388601,1512.616166,-0.085365854,5.772435366,43
2013,Kings,100.2317073,105.1097561,1392.472628,1515.502187,-4.87804878,-123.0295585,28
2013,Knicks,99.95121951,95.7195122,1588.415172,1496.077446,4.231707317,92.33772561,54
2013,Lakers,102.2073171,101.0487805,1534.935311,1508.59752,1.158536585,26.33779146,45
2013,Magic,94.12195122,101.1097561,1357.133771,1500.029674,-6.987804878,-142.8959037,20
2013,Mavericks,101.1341463,101.7317073,1494.828823,1512.294302,-0.597560976,-17.46547927,41
2013,Nets,96.87804878,95.09756098,1498.554802,1493.34753,1.780487805,5.207271951,49
2013,Nuggets,106.1463415,101.0609756,1619.084693,1509.071139,5.085365854,110.0135537,57
2013,Pacers,94.74074074,90.71604938,1577.844975,1485.237962,4.024691358,92.60701358,49
2013,Pelicans,94.07317073,97.93902439,1424.574637,1523.651644,-3.865853659,-99.07700732,27
2013,Pistons,94.85365854,98.84146341,1410.706444,1498.232723,-3.987804878,-87.52627927,29
2013,Raptors,97.20731707,98.68292683,1434.183488,1492.753548,-1.475609756,-58.57005976,34
2013,Rockets,105.9512195,102.4756098,1558.391595,1507.801568,3.475609756,50.59002683,45
2013,Sixers,93.17073171,96.51219512,1448.77977,1501.914226,-3.341463415,-53.1344561,34
2013,Spurs,103.0243902,96.62195122,1690.681398,1504.18109,6.402439024,186.5003073,58
2013,Suns,95.18292683,101.6463415,1433.06105,1528.288101,-6.463414634,-95.22705122,25
2013,Thunder,105.7195122,96.51219512,1692.747693,1504.441463,9.207317073,188.3062293,60
2013,Timberwolves,95.74390244,98.1097561,1435.857071,1512.148334,-2.365853659,-76.29126341,31
2013,Trailblazers,97.5,100.6707317,1459.242605,1515.83918,-3.170731707,-56.59657561,33
2013,Warriors,101.1707317,100.2804878,1510.128749,1512.179252,0.890243902,-2.050503659,47
2013,Wizards,93.2195122,95.75609756,1408.25353,1500.488506,-2.536585366,-92.23497561,29
2014,Bucks,95.47560976,103.6585366,1319.098439,1499.869989,-8.182926829,-180.77155,15
2014,Bulls,93.65853659,91.80487805,1525.261443,1487.179977,1.853658537,38.08146585,48
2014,Cavaliers,98.2195122,101.5121951,1387.190009,1500.738065,-3.292682927,-113.5480561,33
2014,Celtics,96.24390244,100.7073171,1419.620207,1496.656037,-4.463414634,-77.03582927,25
2014,Clippers,107.9268293,100.9512195,1644.812648,1508.621944,6.975609756,136.1907037,57
2014,Grizzlies,96.14634146,94.57317073,1567.835456,1512.150066,1.573170732,55.68539024,50
2014,Hawks,101,101.4756098,1480.106728,1498.264149,-0.475609756,-18.15742073,38
2014,Heat,102.195122,97.43902439,1675.167645,1492.249556,4.756097561,182.918089,54
2014,Hornets,96.85365854,97.07317073,1432.271354,1494.248974,-0.219512195,-61.97762073,43
2014,Jazz,95.01219512,102.1829268,1421.708791,1520.172984,-7.170731707,-98.46419268,25
2014,Kings,100.5,103.402439,1415.239559,1516.976599,-2.902439024,-101.7370402,28
2014,Knicks,98.58536585,99.37804878,1472.932905,1490.008396,-0.792682927,-17.07549146,37
2014,Lakers,102.9512195,109.2439024,1414.011072,1517.271166,-6.292682927,-103.2600939,27
2014,Magic,96.51219512,101.9512195,1331.74727,1500.240026,-5.43902439,-168.4927561,23
2014,Mavericks,104.8414634,102.4390244,1558.77986,1511.908968,2.402439024,46.87089146,49
2014,Nets,98.52439024,99.52439024,1499.768702,1496.428091,-1,3.340610976,44
2014,Nuggets,104.3780488,106.5243902,1514.094113,1519.814289,-2.146341463,-5.72017561,36
2014,Pacers,96.74390244,92.34146341,1631.929921,1484.566841,4.402439024,147.3630793,56
2014,Pelicans,99.7195122,102.4268293,1444.298726,1520.799067,-2.707317073,-76.50034146,34
2014,Pistons,101.0487805,104.7073171,1401.41501,1497.175256,-3.658536585,-95.76024634,29
2014,Raptors,101.2804878,98.03658537,1548.094732,1490.793256,3.243902439,57.30147561,48
2014,Rockets,107.6707317,103.1097561,1612.14714,1511.428385,4.56097561,100.7187549,54
2014,Sixers,99.45121951,109.902439,1312.853073,1496.743585,-10.45121951,-183.8905122,19
2014,Spurs,105.3536585,97.63414634,1693.197956,1507.214856,7.719512195,185.9831,62
2014,Suns,105.2317073,102.597561,1513.419282,1509.645268,2.634146341,3.774013415,48
2014,Thunder,106.1585366,99.81707317,1680.238173,1509.745072,6.341463415,170.4931012,59
2014,Timberwolves,106.9268293,104.2560976,1542.609841,1524.147079,2.670731707,18.4627622,40
2014,Trailblazers,106.7439024,102.7560976,1575.628157,1514.29285,3.987804878,61.33530732,54
2014,Warriors,104.2560976,99.45121951,1602.664751,1513.76589,4.804878049,88.89886098,51
2014,Wizards,100.6585366,99.3902439,1498.484029,1493.510309,1.268292683,4.973720732,44
2015,Bucks,97.84146341,97.41463415,1455.13737,1493.892985,0.426829268,-38.75561585,41
2015,Bulls,100.7926829,97.79268293,1567.363346,1494.304424,3,73.05892195,50
2015,Cavaliers,103.1341463,98.65853659,1544.073265,1493.06615,4.475609756,51.00711463,53
2015,Celtics,101.3658537,101.2073171,1420.103698,1496.636829,0.158536585,-76.53313171,40
2015,Clippers,106.7195122,100.1341463,1648.418444,1504.124655,6.585365854,144.293789,56
2015,Grizzlies,98.31707317,95.07317073,1621.671709,1520.638989,3.243902439,101.0327195,55
2015,Hawks,102.5487805,97.12195122,1609.431296,1490.880995,5.426829268,118.5503012,60
2015,Heat,94.68292683,97.2804878,1488.709398,1493.91345,-2.597560976,-5.204052439,37
2015,Hornets,94.15853659,97.32926829,1453.936143,1490.307683,-3.170731707,-36.37154024,33
2015,Jazz,95.13414634,94.91463415,1448.438661,1512.204966,0.219512195,-63.76630488,38
2015,Kings,101.3414634,105.0487805,1425.41737,1517.95486,-3.707317073,-92.53749024,29
2015,Knicks,91.8902439,101.2073171,1352.518815,1494.735002,-9.317073171,-142.2161878,17
2015,Lakers,98.45121951,105.2926829,1372.522491,1523.530593,-6.841463415,-151.0081012,21
2015,Magic,95.69512195,101.4146341,1339.426594,1498.947818,-5.719512195,-159.5212244,25
2015,Mavericks,105.2195122,102.3170732,1600.763867,1519.849451,2.902439024,80.91441585,50
2015,Nets,98.02439024,100.902439,1468.87327,1499.325191,-2.87804878,-30.45192195,38
2015,Nuggets,101.4634146,105.0121951,1447.915806,1521.618756,-3.548780488,-73.70295,30
2015,Pacers,97.32926829,97.04878049,1478.133426,1489.571993,0.280487805,-11.43856707,38
2015,Pelicans,99.35365854,98.56097561,1499.159811,1513.398309,0.792682927,-14.23849756,45
2015,Pistons,98.5,99.5,1407.85836,1493.228345,-1,-85.36998537,32
2015,Raptors,103.9878049,100.9146341,1574.415705,1486.759976,3.073170732,87.65572927,49
2015,Rockets,103.9268293,100.4878049,1618.34091,1521.795045,3.43902439,96.54586463,56
2015,Sixers,91.97560976,100.9512195,1281.621929,1503.35567,-8.975609756,-221.7337402,18
2015,Spurs,103.1829268,96.98780488,1672.379984,1511.577123,6.195121951,160.802861,55
2015,Suns,102.402439,103.304878,1540.292552,1518.196591,-0.902439024,22.09596098,39
2015,Thunder,103.9512195,101.7682927,1580.85194,1507.800612,2.182926829,73.05132805,45
2015,Timberwolves,97.75609756,106.5487805,1365.595607,1529.598212,-8.792682927,-164.0026049,16
2015,Trailblazers,102.7926829,98.56097561,1620.296107,1511.145406,4.231707317,109.1507012,51
2015,Warriors,109.9512195,99.85365854,1708.866411,1501.97158,10.09756098,206.8948305,67
2015,Wizards,98.53658537,97.81707317,1537.457893,1495.660515,0.719512195,41.79737805,46
